{
  "accuracy": [
    0.6295420527458191,
    0.7047544121742249,
    0.7305840253829956,
    0.744418203830719,
    0.7534366250038147,
    0.759040355682373,
    0.7731372117996216,
    0.7713860273361206,
    0.7768146395683289,
    0.7793537974357605,
    0.7840819358825684,
    0.7889851927757263,
    0.7950267195701599,
    0.79520183801651,
    0.7944138050079346,
    0.8042203187942505,
    0.8043078780174255,
    0.8016811013221741,
    0.7990543842315674,
    0.8154277205467224,
    0.8241835236549377,
    0.8242710828781128,
    0.8258471488952637,
    0.8331144452095032,
    0.8235706090927124,
    0.8289992213249207,
    0.8317134976387024,
    0.8302250504493713,
    0.8383679389953613
  ],
  "loss": [
    1.130625605583191,
    0.8457083702087402,
    0.7733495831489563,
    0.7434976100921631,
    0.7034556269645691,
    0.6835899949073792,
    0.662743866443634,
    0.6568697094917297,
    0.6267857551574707,
    0.6341713666915894,
    0.616133451461792,
    0.600064218044281,
    0.5997586250305176,
    0.587001621723175,
    0.5847683548927307,
    0.5573972463607788,
    0.5614857077598572,
    0.565982460975647,
    0.5686344504356384,
    0.5323913097381592,
    0.5068446397781372,
    0.503555953502655,
    0.4912227392196655,
    0.48811933398246765,
    0.5004138350486755,
    0.4892790913581848,
    0.47589465975761414,
    0.4727313220500946,
    0.46191275119781494
  ],
  "val_accuracy": [
    0.7732680439949036,
    0.7879636287689209,
    0.8093072175979614,
    0.8121063709259033,
    0.8201539516448975,
    0.8212036490440369,
    0.8264520764350891,
    0.8233029842376709,
    0.8334499597549438,
    0.8358992338180542,
    0.8341497778892517,
    0.8390482664108276,
    0.841497540473938,
    0.8418474197387695,
    0.8383485078811646,
    0.848845362663269,
    0.8386983871459961,
    0.8390482664108276,
    0.8425472378730774,
    0.8418474197387695,
    0.8435969352722168,
    0.8516445159912109,
    0.8467459678649902,
    0.8484954237937927,
    0.8477956652641296,
    0.8404478430747986,
    0.8470958471298218,
    0.8498950600624084,
    0.8477956652641296
  ],
  "val_loss": [
    0.6306092739105225,
    0.5848785638809204,
    0.5413997173309326,
    0.5411391258239746,
    0.5216041207313538,
    0.5127708911895752,
    0.5060093402862549,
    0.5172364115715027,
    0.488181471824646,
    0.475800484418869,
    0.4777643382549286,
    0.47477006912231445,
    0.46210774779319763,
    0.46305394172668457,
    0.4800359904766083,
    0.455562561750412,
    0.4645290970802307,
    0.4616822302341461,
    0.45878103375434875,
    0.4528912305831909,
    0.44562220573425293,
    0.43461519479751587,
    0.4435080587863922,
    0.4336988925933838,
    0.4338635206222534,
    0.4405367970466614,
    0.4346051514148712,
    0.42964738607406616,
    0.4312552809715271
  ],
  "learning_rate": [
    0.0010000000474974513,
    0.0010000000474974513,
    0.0010000000474974513,
    0.0010000000474974513,
    0.0010000000474974513,
    0.0010000000474974513,
    0.0010000000474974513,
    0.0010000000474974513,
    0.0010000000474974513,
    0.0010000000474974513,
    0.0010000000474974513,
    0.0010000000474974513,
    0.0010000000474974513,
    0.0010000000474974513,
    0.0010000000474974513,
    0.0010000000474974513,
    0.0010000000474974513,
    0.0010000000474974513,
    0.0010000000474974513,
    0.0005000000237487257,
    0.0005000000237487257,
    0.0005000000237487257,
    0.0005000000237487257,
    0.0005000000237487257,
    0.0005000000237487257,
    0.0005000000237487257,
    0.0005000000237487257,
    0.0002500000118743628,
    0.0002500000118743628
  ]
}